Record ID,Store Name,Store Type,Street Number,Street Name,Additional Address,City,State,Zip Code,Zip4,County,Latitude,Longitude,Authorization Date,End Date,Ward_Estimate
1669540,1 1,Combination Grocery/Other,7712,Georgia Ave NW, ,Washington,DC,20012,1612,DIST OF COLUMBIA,38.9832,-77.02685,9/4/2025, ,Other
860853,14 & U Farmers Market  ,Farmers' Market,2000,14th St NW, ,Washington,DC,20009, ,DIST OF COLUMBIA,38.91757,-77.03197,10/15/2020, ,Other
601741,14TH MINI MARKET  ,Convenience Store,3904,14th St NW, ,Washington,DC,20011,5406,DIST OF COLUMBIA,38.9388,-77.03276,4/19/1994, ,Other
1622163,24/7 Convenience Store  ,Convenience Store,5575,Central Ave SE,,Washington,DC,20019,6588,DIST OF COLUMBIA,38.88562,-76.91925,12/18/2024, ,Ward 7
1563524,24/7 DC Convenence 1,Convenience Store,1805,Montana Ave NE,Ste A,Washington,DC,20002,1859,DIST OF COLUMBIA,38.91941,-76.97894,11/22/2023, ,Other
1658302,24/7 Deli & Convenience  ,Convenience Store,3847,Minnesota Ave NE,,Washington,DC,20019,2660,DIST OF COLUMBIA,38.89304,-76.95036,8/12/2025, ,Ward 7
1656823,24/7 Rainbow Mart And Tobacco 1,Convenience Store,626,Kennedy St NW,,Washington,DC,20011,3012,DIST OF COLUMBIA,38.95621,-77.02204,8/26/2025, ,Other
1658032,24/7 Tobacco & Convenience Store  ,Convenience Store,4944,South Dakota Ave NE,,Washington,DC,20017,3915,DIST OF COLUMBIA,38.94922,-76.99251,8/7/2025, ,Other
1586754,24hr Convenience & Deli  ,Convenience Store,1736,Good Hope Rd SE,,Washington,DC,20020,4708,DIST OF COLUMBIA,38.86608,-76.97955,3/21/2024, ,Ward 7/8
1476753,5th St Market 1,Convenience Store,1245,5th St NW,,Washington,DC,20001,4876,DIST OF COLUMBIA,38.90711,-77.01868,4/28/2022, ,Other
1219707,7 House II 1,Convenience Store,4200,Nannie Helen Burroughs Ave Ne, ,Washington,DC,20019,3639,DIST OF COLUMBIA,38.90175,-76.94212,11/3/2021, ,Ward 7
1578117,7 River Mart  ,Convenience Store,250,11th St NE,,Washington,DC,20002,6218,DIST OF COLUMBIA,38.89345,-76.9918,2/16/2024, ,Other
1166442,7-Eleven 22639b,Convenience Store,4443,Benning Rd NE, ,Washington,DC,20019,4556,DIST OF COLUMBIA,38.89078,-76.93887,12/13/2018, ,Ward 7
1156147,7-Eleven 25464A,Convenience Store,4319,Wisconsin Ave Nw, ,Washington,DC,20016,2139,DIST OF COLUMBIA,38.9452,-77.07811,5/3/2019, ,Other
1386317,7-Eleven 35291K,Convenience Store,2501,Benning Rd NE, ,Washington,DC,20002,4805,DIST OF COLUMBIA,38.89767,-76.97091,11/17/2019, ,Other
1441084,7-ELEVEN 36701J,Convenience Store,4854,N H Burroughs Ave NE,NANNIE,Washington,DC,20019,3634,DIST OF COLUMBIA,38.89881,-76.93243,2/18/2021, ,Ward 7
1449866,7-ELEVEN 36428H,Convenience Store,3707,14th St NW, ,Washington,DC,20010, ,DIST OF COLUMBIA,38.93742,-77.03244,4/16/2021, ,Other
1524403,7-Eleven 23723H,Convenience Store,1700,17th St NW, ,Washington,DC,20009,2453,DIST OF COLUMBIA,38.91285,-77.03883,10/31/2022, ,Other
1547265,7-Eleven 35279H,Convenience Store,4000,Georgia Ave NW, ,Washington,DC,20011,5857,DIST OF COLUMBIA,38.94003,-77.0256,5/2/2023, ,Other
1561646,7-Eleven 34293H,Convenience Store,5210,3rd St NE,,Washington,DC,20011,6331,DIST OF COLUMBIA,38.95293,-77.00146,9/1/2023, ,Other
665296,7-Eleven 23120B,Convenience Store,1622,7th St NW,,Washington,DC,20001,3204,DIST OF COLUMBIA,38.91191,-77.02221,10/10/2024, ,Other
1658359,7-Eleven 28633K,Convenience Store,25,Peabody St NW, ,Washington,DC,20011,2211,DIST OF COLUMBIA,38.96299,-77.0107,6/24/2025, ,Other
1658361,7-Eleven 35608J,Convenience Store,3900,Mlk Jr Ave SW, ,Washington,DC,20032,1405,DIST OF COLUMBIA,38.83241,-77.00874,6/24/2025, ,Ward 8
1658363,7-eleven 38027,Convenience Store,3433,Connecticut Ave NW,,Washington,DC,20008,1304,DIST OF COLUMBIA,38.93534,-77.05801,9/2/2025, ,Other
1037769,7-eleven 11731a ,Convenience Store,1900,Wyoming Ave NW, ,Washington,DC,20009,5043,DIST OF COLUMBIA,38.91847,-77.04478,10/28/2020, ,Other
1289382,7-eleven 22464e  ,Convenience Store,333,Hawaii Ave NE, ,Washington,DC,20011,4966,DIST OF COLUMBIA,38.94144,-77.00027,6/27/2017, ,Other
1490612,7-eleven 23097c  ,Convenience Store,912,New Hampshire Ave NW,,Washington,DC,20037,2301,DIST OF COLUMBIA,38.90117,-77.05173,3/1/2022, ,Other
1352083,7-eleven 35500b  ,Convenience Store,900,Bladensburg Rd NE, ,Washington,DC,20002,3930,DIST OF COLUMBIA,38.90207,-76.98243,3/25/2019, ,Other
1584637,7-eleven 36711c  ,Convenience Store,5501,South Dakota Ave NE,,Washington,DC,20011,2627,DIST OF COLUMBIA,38.95603,-77.00059,5/21/2024, ,Other
1259075,7-eleven 37300a  ,Convenience Store,3218,Pennsylvania Ave SE, ,Washington,DC,20020,3712,DIST OF COLUMBIA,38.86901,-76.95959,10/6/2016, ,Ward 7/8
1003958,7-Eleven Inc F 34582A,Convenience Store,1755,Columbia Rd NW, ,Washington,DC,20009,2813,DIST OF COLUMBIA,38.92363,-77.04131,5/6/2011, ,Other
1149674,7-Eleven Inc F 36441A,Convenience Store,908,17th St NW, ,Washington,DC,20006,2502,DIST OF COLUMBIA,38.90147,-77.03947,5/13/2014, ,Other
1020558,7-Eleven Inc F 35278A,Convenience Store,7401,Georgia Ave NW, ,Washington,DC,20012,1721,DIST OF COLUMBIA,38.97966,-77.02641,6/20/2016, ,Other
1390108,7-Eleven Store 36438J,Convenience Store,1233,Brentwood Rd NE, ,Washington,DC,20018,1019,DIST OF COLUMBIA,38.92051,-76.98921,12/15/2019, ,Other
1397922,7-Eleven Store 38711H,Convenience Store,504,K St NW, ,Washington,DC,20001,2533,DIST OF COLUMBIA,38.90228,-77.0193,2/23/2020, ,Other
1568011,"7-ELEVEN, INC. 33192H",Convenience Store,3012,14th St NW, ,Washington,DC,20009,6819,DIST OF COLUMBIA,38.92765,-77.03274,10/24/2023, ,Other
1225891,7/11 37102,Convenience Store,3700,12th St NE,,Washington,DC,20017,2533,DIST OF COLUMBIA,38.93488,-76.99151,3/30/2021, ,Other
839138,727 Market  ,Convenience Store,2820,Georgia Ave NW, ,Washington,DC,20001,3825,DIST OF COLUMBIA,38.92673,-77.02293,12/6/2007, ,Other
1573464,"7ELEVEN, INC. 34559L",Convenience Store,1315,2nd St NE, ,Washington,DC,20002,3487,DIST OF COLUMBIA,38.9077,-77.00328,11/29/2023, ,Other
1038274,7th L Street Market  ,Convenience Store,700,L St SE,,Washington,DC,20003,3647,DIST OF COLUMBIA,38.8777,-76.99596,2/9/2017, ,Other
1649240,8989 Mart  ,Convenience Store,501,3rd St Ne, ,Washington,DC,20001, ,DIST OF COLUMBIA,38.89616,-77.00197,5/27/2025, ,Other
1570562,A To Z Grocery Store ,Convenience Store,3225,Pennsylvania Ave SE,,Washington,DC,20020,3760,DIST OF COLUMBIA,38.86855,-76.95963,1/18/2024, ,Ward 7/8
1338177,A1 Grocery Store ,Medium Grocery Store,615,Division Ave NE, ,Washington,DC,20019,5457,DIST OF COLUMBIA,38.89787,-76.92553,11/18/2022, ,Ward 7
1538699,Abegaz & Choma  ,Combination Grocery/Other,4913,Georgia Ave NW,,Washington,DC,20011,4525,DIST OF COLUMBIA,38.95019,-77.02689,5/9/2023, ,Other
1206060,Abg Mart  ,Convenience Store,2216,Martin Luther King Jr Ave SE, ,Washington,DC,20020,5734,DIST OF COLUMBIA,38.86436,-76.98995,9/3/2021, ,Ward 7/8
1611389,Ajes LLC  ,Convenience Store,3101,Rhode Island Ave NE,,Washington,DC,20018,2947,DIST OF COLUMBIA,38.93441,-76.96425,12/12/2024, ,Other
1266789,Alabama Convenience  ,Convenience Store,2209,Alabama Ave SE,,Washington,DC,20020,2709,DIST OF COLUMBIA,38.85068,-76.9737,12/14/2016, ,Ward 7/8
1624545,ALDI 71179,Supermarket,5300,South Dakota Ave NE,Suite C-01,Washington,DC,20011, ,DIST OF COLUMBIA,38.95454,-76.99973,11/14/2024, ,Other
1650474,ALDI 71015,Supermarket,801,H St NE, ,Washington,DC,20002,3665,DIST OF COLUMBIA,38.89998,-76.9947,5/5/2025, ,Other
1025116,ALDI 71014 71014,Supermarket,901,17th St NE, ,Washington,DC,20002,7230,DIST OF COLUMBIA,38.90158,-76.97896,9/23/2011, ,Other
273604,AMOCO QUICK FOOD SHOPPE  ,Convenience Store,2600,14th St NW, ,Washington,DC,20009,6935,DIST OF COLUMBIA,38.92371,-77.03214,2/5/1991, ,Other
1656440,Anania Convenience Store  ,Convenience Store,700,Columbia Rd NW,,Washington,DC,20001,3802,DIST OF COLUMBIA,38.92795,-77.02328,8/4/2025, ,Other
1570938,Anania Market  ,Convenience Store,2921,Georgia Ave NW,,Washington,DC,20001,3826,DIST OF COLUMBIA,38.92802,-77.02275,1/4/2024, ,Other
1149638,Arcadia Center  ,Farmers' Market,1800,Perry St NE,,Washington,DC,20018,2742,DIST OF COLUMBIA,38.93681,-76.9786,6/10/2014, ,Other
1642050,Argonne Market  Beer & Wine  ,Convenience Store,1629,Columbia Rd NW,,Washington,DC,20009,3662,DIST OF COLUMBIA,38.92611,-77.03785,4/16/2025, ,Other
1537353,Argyle Convenience Store  ,Convenience Store,3220,"17th Street, N.w.",Unit # C-100,Washington,DC,20010, ,DIST OF COLUMBIA,38.9323,-77.03922,3/6/2023, ,Other
994054,AST Market  ,Convenience Store,3182,Bladensburg Rd NE,Ste A,Washington,DC,20018,2210,DIST OF COLUMBIA,38.92926,-76.96003,5/4/2011, ,Other
1523178,Aurora Market  ,Small Grocery Store,500,Irving St NW,,Washington,DC,20010,2904,DIST OF COLUMBIA,38.92925,-77.01974,11/23/2022, ,Other
1077256,Avenue Supermarket  ,Large Grocery Store,5010,New Hampshire Ave NW,,Washington,DC,20011,4118,DIST OF COLUMBIA,38.95142,-77.0123,5/19/2022, ,Other
503944,B & T Produce  ,Fruits/Veg Specialty,2400,E Capitol St NE,Rfk Stadium Parking Lot Stand #13,Washington,DC,20003, ,DIST OF COLUMBIA,38.88987,-76.97295,7/31/2018, ,Other
1478203,Benning Market  ,Convenience Store,2001,Benning Rd NE,Apt 102,Washington,DC,20002,4736,DIST OF COLUMBIA,38.89846,-76.97539,3/18/2022, ,Other
1571144,Benning Road Shell  ,Convenience Store,3355,Benning Rd NE,,Washington,DC,20019,1502,DIST OF COLUMBIA,38.8963,-76.95892,12/12/2023, ,Ward 7
1606400,Best Convenience Store  ,Convenience Store,1535,U St SE, ,Washington,DC,20020,4807,DIST OF COLUMBIA,38.8652,-76.98236,8/2/2024, ,Ward 7/8
1660414,Best Tobacco & Wireless  ,Convenience Store,1536,Benning Rd NE,,Washington,DC,20002,4516,DIST OF COLUMBIA,38.90044,-76.98078,8/19/2025, ,Other
332541,Black Lion Market  ,Large Grocery Store,3500,14th St NW,,Washington,DC,20010,1343,DIST OF COLUMBIA,38.93463,-77.03302,2/2/2021, ,Other
1543216,Bladensburg Exxon  ,Convenience Store,2230,New York Ave NE,,Washington,DC,20002,1937,DIST OF COLUMBIA,38.9177,-76.97316,5/8/2023, ,Other
860833,Bloomingdale Farmers Market  ,Farmers' Market,100,R ST NW, ,Washington,DC,20002,2120,DIST OF COLUMBIA,38.91266,-77.00648,10/15/2020, ,Other
1567600,Bloomingdale Farmers Market  ,Farmers' Market,105,R St NW,,Washington,DC,20001,1121,DIST OF COLUMBIA,38.91276,-77.01245,10/30/2023, ,Other
1465502,Blu December  ,Farmers' Market,4218,10th St NE,,Washington,DC,20017,2121,DIST OF COLUMBIA,38.94165,-76.99287,8/19/2021, ,Other
355855,Bolling JBA Commissary 2506,Military Commissary,185,Chappie James Blvd SW,,Bolling AFB,DC,20032,7717,DIST OF COLUMBIA,38.84229,-77.01642,6/17/1980, ,Ward 8
1524641,Brightwood Supermarket  ,Convenience Store,100,Kennedy St NW,,Washington,DC,20011,5213,DIST OF COLUMBIA,38.9564,-77.01185,11/18/2022, ,Other
1625419,Brookland Market  ,Convenience Store,547,42nd St NE,,Washington,DC,20019,8036,DIST OF COLUMBIA,38.89738,-76.94234,1/13/2025, ,Ward 7
1620470,Brookland Supermarket & Deli  ,Convenience Store,2815,7th St NE,,Washington,DC,20017,1309,DIST OF COLUMBIA,38.92613,-76.99587,11/19/2024, ,Other
302806,"C & F Seafood, Inc.  ",Seafood Specialty,1100,MAINE AVE SW,W,WASHINGTON,DC,20024, ,DIST OF COLUMBIA,38.88123,-77.02805,4/12/2016, ,Other
714989,CANALES QUALITY MEATS  ,Meat/Poultry Specialty,225,7th St SE,,Washington,DC,20003,4323,DIST OF COLUMBIA,38.88642,-76.99647,5/25/1992, ,Other
1618091,Capitol Convenience  ,Convenience Store,1400,N Capitol St NW,,Washington,DC,20002,3342,DIST OF COLUMBIA,38.90873,-77.00941,2/3/2025, ,Other
1084130,Capitol Hill Food And Fuel LLC  ,Convenience Store,1248,Pennsylvania Ave SE, ,Washington,DC,20003,2226,DIST OF COLUMBIA,38.88178,-76.9887,1/15/2013, ,Other
853187,Capitol Hill Market  ,Convenience Store,241,Massachusetts Ave NE,,Washington,DC,20002,4913,DIST OF COLUMBIA,38.89441,-77.00227,5/23/2008, ,Other
1129601,Capitol LLC  ,Small Grocery Store,2501,N Capitol St NE,,Washington,DC,20002,1014,DIST OF COLUMBIA,38.92253,-77.00874,4/25/2014, ,Other
536778,CAPITOL SUPERMARKET  ,Supermarket,1231,11th St NW, ,Washington,DC,20001,4217,DIST OF COLUMBIA,38.90677,-77.02699,1/1/1930, ,Other
814377,Capitol View Market  ,Convenience Store,4920,Central Ave NE, ,Washington,DC,20019,5362,DIST OF COLUMBIA,38.89046,-76.93206,3/2/2007, ,Ward 7
455108,CAPTAIN WHITE SEAFOOD CITY  ,Seafood Specialty,1100,Maine Ave SW,,Washington,DC,20024,2423,DIST OF COLUMBIA,38.88144,-77.02809,3/14/1984, ,Other
1195316,Casa Lebrato  ,Convenience Store,1733,Columbia Rd Nw, ,Washington,DC,20009,2803,DIST OF COLUMBIA,38.92445,-77.04007,5/11/2015, ,Other
1582384,Centronia Market  ,Farmers' Market,1420,Columbia Rd Nw, ,Washington,DC,20009, ,DIST OF COLUMBIA,38.92719,-77.03347,2/4/2024, ,Other
1488560,Chang Capital Food Mart  ,Convenience Store,1412,Pennsylvania Ave SE,Apt B,Washington,DC,20003,3062,DIST OF COLUMBIA,38.88027,-76.98457,2/22/2022, ,Other
1438247,Chesapeake Big Market  ,Small Grocery Store,601,Chesapeake St SE,,Washington,DC,20032,3635,DIST OF COLUMBIA,38.82901,-76.99829,3/30/2021, ,Ward 8
430404,CIRCLE 7 EXPRESS FOOD STORE  ,Convenience Store,740,Kenilworth Ave NE, ,Washington,DC,20019,1856,DIST OF COLUMBIA,38.90033,-76.94665,9/21/1990, ,Ward 7
1098973,Circle Seven Food And Grocery Market  ,Convenience Store,1211,Mount Olivet Rd Ne, ,Washington,DC,20002,7802,DIST OF COLUMBIA,38.90997,-76.98444,12/16/2020, ,Other
1302122,Columbia Heights Service  ,Convenience Store,3540,14th St NW, ,Washington,DC,20010,1363,DIST OF COLUMBIA,38.93537,-77.03274,11/1/2017, ,Other
1650050,Costco Wholesale 1120,Super Store,2441,Market St NE, ,Washington,DC,20018,3840,DIST OF COLUMBIA,38.9204,-76.95039,5/1/2025, ,Other
1512755,"Curbside Groceries, The Food Store That Comes To Y  ",Delivery Route,4900,Puerto Rico Ave NE,,Washington,DC,20017,2313,DIST OF COLUMBIA,38.94731,-76.99946,10/27/2022, ,Other
961584,CVS 2330,Combination Grocery/Other,110,Carroll St NW, ,Washington,DC,20012,2001,DIST OF COLUMBIA,38.9745,-77.0146,7/17/2010, ,Other
964658,CVS 2787,Combination Grocery/Other,3642,Georgia Ave, ,Washington,DC,20010, ,DIST OF COLUMBIA,38.93536,-77.02418,8/3/2010, ,Other
992001,CVS 7174,Combination Grocery/Other,1200,First St NE, ,Washington,DC,20002, ,DIST OF COLUMBIA,38.90609,-77.0063,2/14/2011, ,Other
1176154,CVS 5674,Combination Grocery/Other,3700,Newark St NW, ,Washington,DC,20016, ,DIST OF COLUMBIA,38.9346,-77.07259,11/18/2014, ,Other
1183731,CVS 10287,Combination Grocery/Other,645,H St NE, ,Washington,DC,20002,4369,DIST OF COLUMBIA,38.90017,-76.99651,1/14/2015, ,Other
1221736,CVS 10685,Combination Grocery/Other,675,K St NW,,Washington,DC,20001,2506,DIST OF COLUMBIA,38.90279,-77.02131,11/22/2015, ,Other
333233,CVS Pharmacy 1360,Combination Grocery/Other,2834,Alabama Ave SE,,Washington,DC,20020,3004,DIST OF COLUMBIA,38.8604,-76.96686,4/11/2001, ,Ward 7/8
723613,CVS PHARMACY  1341,Combination Grocery/Other,1199,Vermont Ave NW, ,Washington,DC,20005,3519,DIST OF COLUMBIA,38.90442,-77.03229,4/11/2001, ,Other
725792,CVS Pharmacy 1355,Combination Grocery/Other,1900,7th St NW, ,Washington,DC,20001,3110,DIST OF COLUMBIA,38.91598,-77.02196,4/11/2001, ,Other
609050,CVS Pharmacy 1364,Combination Grocery/Other,6514,Georgia Ave NW, ,Washington,DC,20012,2912,DIST OF COLUMBIA,38.96947,-77.02774,4/12/2001, ,Other
266409,CVS Pharmacy 1365,Combination Grocery/Other,1637,P St NW, ,Washington,DC,20036,1403,DIST OF COLUMBIA,38.90969,-77.03818,4/12/2001, ,Other
313315,CVS PHARMACY  1344,Combination Grocery/Other,500,12th St SE, ,Washington,DC,20003,2974,DIST OF COLUMBIA,38.88252,-76.9902,4/12/2001, ,Other
262870,CVS Pharmacy 1333,Combination Grocery/Other,3601,12th St NE, ,Washington,DC,20017,2547,DIST OF COLUMBIA,38.93382,-76.99084,4/12/2001, ,Other
376802,CVS PHARMACY 2174,Combination Grocery/Other,4555,Wisconsin Ave NW, ,Washington,DC,20016,4619,DIST OF COLUMBIA,38.94914,-77.08024,4/30/2001, ,Other
518051,CVS PHARMACY 1334,Combination Grocery/Other,717,14th St NW, ,Washington,DC,20005,3200,DIST OF COLUMBIA,38.89891,-77.03194,4/30/2001, ,Other
496102,CVS Pharmacy 1362,Combination Grocery/Other,4309,Connecticut Ave NW, ,Washington,DC,20008,2305,DIST OF COLUMBIA,38.94493,-77.06353,9/12/2002, ,Other
638951,CVS PHARMACY 2039,Combination Grocery/Other,2819,M St NW, ,Washington,DC,20007,3712,DIST OF COLUMBIA,38.90528,-77.05768,6/13/2003, ,Other
271569,CVS PHARMACY 1354,Combination Grocery/Other,2601,Connecticut Ave NW, ,Washington,DC,20008,1522,DIST OF COLUMBIA,38.92364,-77.05154,6/16/2003, ,Other
507584,CVS PHARMACY 1842,Combination Grocery/Other,1275,Penn Ave NW, ,Washington,DC,20004,2404,DIST OF COLUMBIA,38.89299,-77.04499,6/16/2003, ,Other
357143,CVS PHARMACY 1353,Combination Grocery/Other,3327,Connecticut Ave NW, ,Washington,DC,20008,1302,DIST OF COLUMBIA,38.93423,-77.05751,6/17/2003, ,Other
784921,CVS PHARMACY 2817,Combination Grocery/Other,1418,P St NW, ,Washington,DC,20005,1908,DIST OF COLUMBIA,38.90963,-77.03281,3/30/2006, ,Other
784991,CVS PHARMACY 1338,Combination Grocery/Other,661,Pennsylvania Ave SE, ,Washington,DC,20003,4303,DIST OF COLUMBIA,38.88464,-76.99639,3/30/2006, ,Other
878635,CVS Pharmacy 4546,Combination Grocery/Other,2129,14th St NW, ,Washington,DC,20009,4411,DIST OF COLUMBIA,38.91891,-77.03163,1/10/2009, ,Other
906824,CVS Pharmacy 1343,Combination Grocery/Other,4851,Massachusetts Ave NW, ,Washington,DC,20016,2065,DIST OF COLUMBIA,38.94598,-77.09592,7/16/2009, ,Other
906825,CVS Pharmacy 1346,Combination Grocery/Other,5550,Connecticut Ave NW, ,Washington,DC,20015,2610,DIST OF COLUMBIA,38.96484,-77.07555,7/16/2009, ,Other
944103,CVS Pharmacy 1337,Combination Grocery/Other,1403,Wisconsin Ave NW, ,Washington,DC,20007,2828,DIST OF COLUMBIA,38.90852,-77.06387,3/25/2010, ,Other
944826,CVS Pharmacy 2847,Combination Grocery/Other,2000,Pennsylvania Ave NW, ,Washington,DC,20006, ,DIST OF COLUMBIA,38.90036,-77.04578,3/25/2010, ,Other
944752,CVS Pharmacy 2204,Combination Grocery/Other,4859,Macarthur Blvd NW, ,Washington,DC,20007,1564,DIST OF COLUMBIA,38.91663,-77.09563,3/25/2010, ,Other
944766,CVS Pharmacy 2378,Combination Grocery/Other,2226,Wisconsin Ave NW, ,Washington,DC,20007,4102,DIST OF COLUMBIA,38.91984,-77.07157,3/25/2010, ,Other
944747,CVS Pharmacy 2104,Combination Grocery/Other,5013,Connecticut Ave NW, ,Washington,DC,20008,2024,DIST OF COLUMBIA,38.95512,-77.06982,3/25/2010, ,Other
1300189,CVS Pharmacy CVS10415,Combination Grocery/Other,800,Maine Ave SW, ,Washington,DC,20024,2494,DIST OF COLUMBIA,38.87898,-77.02332,9/21/2017, ,Other
1344905,CVS Pharmacy 10833,Combination Grocery/Other,1101,New York Ave NW, ,Washington,DC,20005,4213,DIST OF COLUMBIA,38.90168,-77.02754,10/30/2018, ,Other
1375263,CVS Pharmacy 11180,Combination Grocery/Other,1001,16th St NW, ,Washington,DC,20036,5794,DIST OF COLUMBIA,38.90313,-77.03593,8/11/2019, ,Other
1410104,CVS Pharmacy 11231,Combination Grocery/Other,15,I Street SE, ,Washington,DC,20003, ,DIST OF COLUMBIA,38.8791,-77.00815,6/16/2020, ,Other
319086,CVS Pharmacy Inc 1351,Combination Grocery/Other,1751,Columbia Rd NW, ,Washington,DC,20009,2813,DIST OF COLUMBIA,38.92397,-77.04128,4/11/2001, ,Other
768434,CVS PHARMACY INC 22,Combination Grocery/Other,320,40th St NE, ,Washington,DC,20019,3372,DIST OF COLUMBIA,38.89304,-76.94749,10/5/2005, ,Ward 7
772221,CVS PHARMACY INC 7074,Combination Grocery/Other,2240,M St NW, ,Washington,DC,20037,1415,DIST OF COLUMBIA,38.90506,-77.04945,11/15/2005, ,Other
816762,CVS Pharmacy Inc 7102,Combination Grocery/Other,1100,New Jersey Ave SE, ,Washington,DC,20003,3302,DIST OF COLUMBIA,38.87692,-77.00428,3/22/2007, ,Other
1556709,CVS/Pharmacy 1347,Combination Grocery/Other,6,Dupont Cir NW, ,Washington,DC,20036,1108,DIST OF COLUMBIA,38.90945,-77.04449,7/20/2023, ,Other
1556708,CVS/Pharmacy 1335,Combination Grocery/Other,3250,Pennsylvania Ave SE, ,Washington,DC,20020,3712,DIST OF COLUMBIA,38.86925,-76.95897,7/20/2023, ,Ward 7/8
745706,DAILY FISH OF CHESAPEAKE  ,Convenience Store,2250,Sherman Ave NW, ,Washington,DC,20001,4004,DIST OF COLUMBIA,38.92012,-77.02528,3/28/2005, ,Other
1520176,Dawa Group Llc  ,Convenience Store,420,Rhode Island Ave NW,,Washington,DC,20001,1873,DIST OF COLUMBIA,38.91331,-77.01817,10/20/2022, ,Other
1292674,Dc Food Market  ,Convenience Store,2200,16th St SE, ,Washington,DC,20020,4302,DIST OF COLUMBIA,38.86346,-76.98264,9/11/2017, ,Ward 7/8
1632581,Dc Mini Mart 1,Convenience Store,1410,N Capitol St NW,,Washington,DC,20002,3342,DIST OF COLUMBIA,38.909,-77.00938,3/25/2025, ,Other
785366,DC SUPERMARKET  ,Convenience Store,539,8th St NE,,Washington,DC,20002,5235,DIST OF COLUMBIA,38.89718,-76.99471,5/30/2006, ,Other
1413867,DC Supermart  ,Convenience Store,4975,South Dakota Ave NE,,Washington,DC,20017,3927,DIST OF COLUMBIA,38.95004,-76.99264,8/19/2020, ,Other
802166,DELICIAS MARKET  ,Medium Grocery Store,5505,14th St NW, ,Washington,DC,20011,6801,DIST OF COLUMBIA,38.95685,-77.03339,10/20/2006, ,Other
1612279,Delicias Market  ,Convenience Store,3702,14th St NW,,Washington,DC,20010,1321,DIST OF COLUMBIA,38.93738,-77.03304,9/12/2024, ,Other
1645769,District Mart 24 7 1,Convenience Store,721,H St NE,,Washington,DC,20002,3626,DIST OF COLUMBIA,38.90005,-76.99536,4/30/2025, ,Other
1492039,Dmv Comvenience Inc  ,Convenience Store,4053,Minnesota Ave NE,,Washington,DC,20019,3541,DIST OF COLUMBIA,38.89617,-76.94753,4/5/2022, ,Ward 7
1538846,Dmv Convenience Mart 1,Convenience Store,5026,Benning Rd SE,,Washington,DC,20019,5838,DIST OF COLUMBIA,38.87785,-76.93079,3/30/2023, ,Ward 7
1510950,"Dmv Mini Mart, Inc 1",Convenience Store,3915,S Capitol St SW,,Washington,DC,20032,2308,DIST OF COLUMBIA,38.83229,-77.00871,8/12/2022, ,Ward 8
1616939,Dollar Plus C Store 1,Convenience Store,609,Division Ave NE,,Washington,DC,20019,5457,DIST OF COLUMBIA,38.89756,-76.92568,11/8/2024, ,Ward 7
1174341,Dollar Plus Grocery 1,Convenience Store,1103,Mount Olivet Rd NE,,Washington,DC,20002,2301,DIST OF COLUMBIA,38.91027,-76.98563,11/25/2014, ,Other
905864,Dollar Tree 4081,Combination Grocery/Other,1919,Michigan Ave NE, ,Washington,DC,20018,3334,DIST OF COLUMBIA,38.94577,-76.9784,9/1/2009, ,Other
1157122,Dollar Tree 5389,Combination Grocery/Other,1548,Benning Rd NE, ,Washington,DC,20002, ,DIST OF COLUMBIA,38.90039,-76.98042,6/30/2014, ,Other
1490390,Dollar Tree 8923,Combination Grocery/Other,5600,Georgia Ave NW, ,Washington,DC,20011,2927,DIST OF COLUMBIA,38.95764,-77.02866,2/1/2022, ,Other
1320444,"Dollar1,inc  ",Convenience Store,3414,Georgia Ave NW, ,Washington,DC,20010,2502,DIST OF COLUMBIA,38.93245,-77.02406,5/17/2018, ,Other
1586090,Dreaming Out Loud's Kelly Miller Market  ,Farmers' Market,301,49th St NE,,Washington,DC,20019,4706,DIST OF COLUMBIA,38.89332,-76.93246,4/24/2024, ,Ward 7
1621483,DT Market  ,Convenience Store,2101,Alabama Ave SE,,Washington,DC,20020,2815,DIST OF COLUMBIA,38.85047,-76.97507,11/25/2024, ,Ward 7/8
1128341,Each Peach Market  ,Large Grocery Store,3068,Mount Pleasant St NW, ,Washington,DC,20009,4217,DIST OF COLUMBIA,38.92851,-77.03729,1/7/2014, ,Other
1623608,"Eaj, Inc 1",Combination Grocery/Other,3420,Georgia Ave NW,,Washington,DC,20010,2502,DIST OF COLUMBIA,38.93257,-77.02402,2/6/2025, ,Other
1582381,Educare Parkside Market  ,Farmers' Market,640,Anacostia Ave NE,,Washington,DC,20019,1509,DIST OF COLUMBIA,38.90058,-76.95298,2/23/2024, ,Ward 7
1441221,Elmira Market  ,Small Grocery Store,4401,S Capitol St SW,,Washington,DC,20032,2107,DIST OF COLUMBIA,38.82589,-77.00763,5/13/2021, ,Ward 8
1186919,Eshet Injera  ,Combination Grocery/Other,829,Kennedy St NW,,Washington,DC,20011,2913,DIST OF COLUMBIA,38.95651,-77.02528,3/9/2015, ,Other
1207003,Eve Llc  ,Small Grocery Store,4418,Georgia Ave Nw, ,Washington,DC,20011,7124,DIST OF COLUMBIA,38.94481,-77.0263,8/11/2015, ,Other
1416308,Express Convenience Store LLC  ,Convenience Store,2031,Benning Rd NE,,Washington,DC,20002,4725,DIST OF COLUMBIA,38.89832,-76.97444,12/15/2020, ,Other
834136,Family Dollar 6519,Combination Grocery/Other,2305,Rhode Island Ave NE, ,Washington,DC,20018,2828,DIST OF COLUMBIA,38.93034,-76.97337,10/1/2007, ,Other
835381,Family Dollar 6421,Combination Grocery/Other,1121,H St NE, ,Washington,DC,20002,4442,DIST OF COLUMBIA,38.90001,-76.99068,10/15/2007, ,Other
1075230,Family Dollar 5464,Combination Grocery/Other,6217,Georgia Ave NW, ,Washington,DC,20011,5111,DIST OF COLUMBIA,38.96566,-77.02745,9/20/2012, ,Other
1390190,Five Star Trading Llc Dba Brightwood Mart  ,Convenience Store,4034,Georgia Ave NW,,Washington,DC,20011,5857,DIST OF COLUMBIA,38.94056,-77.02545,3/6/2020, ,Other
1207742,Fiyameta Grocery  ,Convenience Store,104,Kennedy St NW,,Washington,DC,20011,5213,DIST OF COLUMBIA,38.9564,-77.01209,6/24/2025, ,Other
1574321,Flagler Market  ,Convenience Store,2200,Flagler Pl NW,,Washington,DC,20001,1615,DIST OF COLUMBIA,38.91931,-77.01379,1/8/2024, ,Other
1321193,Flavor Us Market  ,Convenience Store,1731,7th St NW, ,Washington,DC,20001,3142,DIST OF COLUMBIA,38.91377,-77.02165,5/31/2018, ,Other
1536702,Food 7 Store  ,Convenience Store,1830,Benning Rd NE,,Washington,DC,20002,7212,DIST OF COLUMBIA,38.89919,-76.97655,3/23/2023, ,Other
1090769,Fort Carroll Market  ,Convenience Store,3705,Martin Luther King Jr Ave SE, ,Washington,DC,20032,1549,DIST OF COLUMBIA,38.83777,-77.00625,4/24/2013, ,Ward 8
1173773,Fort Drum Market  ,Medium Grocery Store,4686,Martin Luther King Jr Ave SW,,Washington,DC,20032,1132,DIST OF COLUMBIA,38.82096,-77.01067,12/1/2014, ,Ward 8
1284601,Four Corners Market  ,Convenience Store,440,Kennedy St NW, ,Washington,DC,20011,6506,DIST OF COLUMBIA,38.95642,-77.01942,7/17/2017, ,Other
728539,FOURTH ST MARKET  ,Convenience Store,6900,4th St NW, ,Washington,DC,20012,1904,DIST OF COLUMBIA,38.97381,-77.01801,2/6/2017, ,Other
1208681,Franklin Liquors & Market  ,Convenience Store,2723,7th St NE, ,Washington,DC,20017,1306,DIST OF COLUMBIA,38.92538,-76.99612,8/17/2015, ,Other
649581,Freedom Citgo  ,Convenience Store,1905,9th St NE,Ste A,Washington,DC,20018,1013,DIST OF COLUMBIA,38.91671,-76.99374,10/27/2022, ,Other
1537619,Freshfarm Anacostia Community Museum Farm Stand  ,Farmers' Market,1901,Fort Pl SE,,Washington,DC,20020,3298,DIST OF COLUMBIA,38.85658,-76.97684,5/1/2023, ,Ward 7/8
1145702,FRESHFARM By The White House Farmers Market  ,Farmers' Market,800,"Vermont Ave, Nw",between H St NW & I St NW,Washington,DC,20420, ,DIST OF COLUMBIA,38.90063,-77.03492,4/22/2014, ,Other
1587945,Freshfarm Centronia Cardozo Market  ,Farmers' Market,1200,Clifton St NW,,Washington,DC,20009,7099,DIST OF COLUMBIA,38.92218,-77.02847,4/2/2024, ,Other
1587942,Freshfarm Centronia Stevens Elc Market  ,Farmers' Market,1050,21st St NW,,Washington,DC,20036,4904,DIST OF COLUMBIA,38.90317,-77.04697,4/9/2024, ,Other
1600210,Freshfarm Centronia Upshur Market  ,Farmers' Market,1288,Upshur St Nw, ,Washington,DC,20011,5626,DIST OF COLUMBIA,38.94158,-77.02877,6/6/2024, ,Other
1397294,FRESHFARM Cesar Chavez Farm Stand  ,Farmers' Market,700,Parkside Pl NE,,Washington,DC,20019,1879,DIST OF COLUMBIA,38.90047,-76.94941,3/4/2020, ,Ward 7
1153461,FRESHFARM CityCenterDC Farmesr Market ,Farmers' Market,1098,New York Ave NW, ,District of Columbia,DC,20001, ,DIST OF COLUMBIA,38.90101,-77.02693,7/1/2014, ,Other
1535145,Freshfarm Cleveland Park Farmers Market  ,Farmers' Market,3426,Connecticut Ave NW,,Washington,DC,20008,1306,DIST OF COLUMBIA,38.93489,-77.05859,3/1/2023, ,Other
1397476,FRESHFARM Columbia Heights Farm Share  ,Farmers' Market,3225,14th St Nw, ,Washington,DC,20010,2309,DIST OF COLUMBIA,38.93002,-77.03218,3/4/2020, ,Other
1390508,FRESHFARM Columbia Heights Farmers Market n/a,Farmers' Market,1375,Kenyon St NW,,Washington,DC,20010,2398,DIST OF COLUMBIA,38.92986,-77.03185,12/30/2019, ,Other
1208989,FRESHFARM Dupont Circle Farmers Market  ,Farmers' Market,1500,20th St Nw, ,Washington,DC,20036,1002,DIST OF COLUMBIA,38.90973,-77.04492,7/26/2015, ,Other
1623757,Freshfarm Educare Idea Market  ,Farmers' Market,4501,Lee St. Ne, ,Washington,DC,20019, ,DIST OF COLUMBIA,38.90471,-76.93691,1/8/2025, ,Ward 7
1145699,FRESHFARM Foggy Bottom Farmers Market  ,Farmers' Market,2300,"I Street, Nw",23rd & I st NW Walkway,Washington,DC,20052, ,DIST OF COLUMBIA,38.90067,-77.05079,4/22/2014, ,Other
851059,FRESHFARM H Street Farmers Market  ,Farmers' Market,624,H St NE,between H St & 13th St NE,Washington,DC,20002,4309,DIST OF COLUMBIA,38.90023,-76.9978,5/2/2008, ,Other
1397297,FRESHFARM Kenilworth Rec Center Farm Stand  ,Farmers' Market,4321,Ord St NE,,Washington,DC,20019,1959,DIST OF COLUMBIA,38.90834,-76.94096,3/4/2020, ,Ward 7
1560283,Freshfarm Kiddies Ms  ,Farmers' Market,1130,Varney St SE,,Washington,DC,20032,4372,DIST OF COLUMBIA,38.83685,-76.98806,9/20/2023, ,Ward 8
1397291,FRESHFARM Minnesota Ave Farm Stand  ,Farmers' Market,3924,Minnesota Ave NE,,Washington,DC,20019,2661,DIST OF COLUMBIA,38.89393,-76.95131,3/4/2020, ,Ward 7
1397287,FRESHFARM Monroe Farmers Market  ,Farmers' Market,716,Monroe St NE,,Washington,DC,20017,1700,DIST OF COLUMBIA,38.93284,-76.99501,3/4/2020, ,Other
1153466,FRESHFARM Mount Vernon Triangle Farmers Market ,Farmers' Market,1025,5th St Nw, ,Washington,DC,20001,2517,DIST OF COLUMBIA,38.9031,-77.01889,7/1/2014, ,Other
1142321,FRESHFARM Penn Quarter Farmers Market  ,Farmers' Market,400,9th St NW,between D & E St,District of Columbia,DC,20004, ,DIST OF COLUMBIA,38.89486,-77.02404,4/22/2014, ,Other
1609713,Freshfarm Thearc Farm Market  ,Farmers' Market,1901,Miss Ave SE,,Washington,DC,20020,6117,DIST OF COLUMBIA,38.84356,-76.97533,8/6/2024, ,Ward 7/8
1672994,Freshfarm Union Market District Farmers Market  ,Farmers' Market,1315,6th St Ne, ,Washington,DC,20002, ,DIST OF COLUMBIA,38.90867,-76.9965,10/14/2025, ,Other
1397283,FRESHFARM Uptown Farmers Market  ,Farmers' Market,5500,Colorado Ave NW,,Washington,DC,20011,7802,DIST OF COLUMBIA,38.95667,-77.03319,3/4/2020, ,Other
275311,FRIENDLY FOOD MARKET  ,Convenience Store,1399,Half St SW, ,Washington,DC,20024,4111,DIST OF COLUMBIA,38.87313,-77.01083,12/7/2006, ,Other
1542271,Georgia Convenience Store  ,Convenience Store,3653,Georgia Ave NW,,Washington,DC,20010,1641,DIST OF COLUMBIA,38.936,-77.02399,6/20/2023, ,Other
1313891,Georgia Mart & Wireless Llc 1,Medium Grocery Store,3547,Georgia Ave Nw, ,Washington,DC,20010,1732,DIST OF COLUMBIA,38.93406,-77.02392,3/19/2018, ,Other
1090384,Giant 2381,Super Store,300,H Street NE, ,Washington,DC,20002, ,DIST OF COLUMBIA,38.90044,-77.00165,2/7/2013, ,Other
1115340,Giant 2376,Super Store,1400,7th St NW, ,Washington,DC,20001, ,DIST OF COLUMBIA,38.90899,-77.02195,8/20/2013, ,Other
456554,Giant Food 2379,Super Store,3336,Wisconsin Ave NW, ,Washington,DC,20016,3808,DIST OF COLUMBIA,38.93455,-77.07249,7/29/1965, ,Other
387561,GIANT FOOD 383,Super Store,4303,Connecticut Ave NW, ,Washington,DC,20008,2305,DIST OF COLUMBIA,38.94451,-77.06317,4/26/1967, ,Other
591877,GIANT FOOD 375,Super Store,1050,Brentwood Rd NE, ,Washington,DC,20018,1000,DIST OF COLUMBIA,38.91895,-76.99183,8/6/2002, ,Other
751297,GIANT FOOD 378,Super Store,1345,Park Rd NW, ,Washington,DC,20010,2307,DIST OF COLUMBIA,38.93108,-77.03165,4/27/2005, ,Other
1667355,Glover Park Market  ,Small Grocery Store,2411,37th St NW, ,Washington,DC,20007, ,DIST OF COLUMBIA,38.92149,-77.07289,9/24/2025, ,Other
1658543,Grab N Go Convenience 1,Convenience Store,1918,14th St SE,,Washington,DC,20020,4872,DIST OF COLUMBIA,38.86643,-76.98474,8/4/2025, ,Ward 7/8
866160,Gray's Market  ,Convenience Store,3306,Georgia Ave NW,,Washington,DC,20010,2513,DIST OF COLUMBIA,38.93129,-77.02381,4/15/2022, ,Other
1209038,"Grubb's Pharmacy Se, Inc. 100",Combination Grocery/Other,1800,Martin Luther King Jr Ave SE,,Washington,DC,20020,6900,DIST OF COLUMBIA,38.86758,-76.98806,8/18/2015, ,Ward 7/8
845516,Harris Teeter 231,Super Store,1631,Kalorama Rd NW,Suite 100,Washington,DC,20009,3545,DIST OF COLUMBIA,38.92197,-77.03847,2/13/2008, ,Other
1171420,Harris Teeter 383,Super Store,401,M St SE, ,Washington,DC,20003,3469,DIST OF COLUMBIA,38.87645,-77.00047,10/6/2014, ,Other
1673270,Harris Teeter 352,Super Store,1201,1st St NE, ,Washington,DC,20002,4274,DIST OF COLUMBIA,38.90594,-77.00561,11/12/2025, ,Other
1433683,Hayat Inc 1,Convenience Store,6217,Dix St NE,,Washington,DC,20019,2880,DIST OF COLUMBIA,38.89416,-76.91151,1/7/2021, ,Ward 7
1585698,Hiwot Market Inc  ,Combination Grocery/Other,5331,Georgia Ave NW,,Washington,DC,20011,3955,DIST OF COLUMBIA,38.95478,-77.02757,4/1/2024, ,Other
1398383,House Of Ruth Family Share  ,Farmers' Market,2011,Savannah St SE,,Washington,DC,20020,7574,DIST OF COLUMBIA,38.84655,-76.97476,3/9/2020, ,Ward 7/8
885166,INTERNATIONAL PROGRESO MARKET 2,Medium Grocery Store,7719,Georgia Ave NW, ,Washington,DC,20012,1611,DIST OF COLUMBIA,38.98312,-77.02652,3/17/2009, ,Other
823415,International Progresso Market  ,Supermarket,3158,Mount Pleasant St NW, ,Washington,DC,20010,2747,DIST OF COLUMBIA,38.93028,-77.038,7/11/2013, ,Other
1120930,Intoto Llc  ,Combination Grocery/Other,6406,Georgia Ave NW, ,Washington,DC,20012,2960,DIST OF COLUMBIA,38.96783,-77.02779,11/27/2013, ,Other
1266775,Ivy City Smokehouse  ,Seafood Specialty,1356,Okie St Ne, ,Washington,DC,20002,1732,DIST OF COLUMBIA,38.91447,-76.98549,11/28/2016, ,Other
1491688,Jm Enterprise Llc  ,Convenience Store,1231,New York Ave NE,,Washington,DC,20002,1628,DIST OF COLUMBIA,38.91407,-76.98859,4/26/2022, ,Other
432071,JOCELYN'S MARKET  ,Medium Grocery Store,6404,Georgia Ave NW, ,Washington,DC,20012,2910,DIST OF COLUMBIA,38.96777,-77.0278,2/24/2003, ,Other
1539137,K Fresh Market  ,Farmers' Market,2726,Martin Luther King Jr Ave Se, ,Washington,DC,20020, ,DIST OF COLUMBIA,38.85189,-76.99413,4/20/2023, ,Ward 7/8
1323339,Ken Mart  ,Convenience Store,1507,Kenilworth Ave Ne, ,Washington,DC,20019,2006,DIST OF COLUMBIA,38.90979,-76.93578,2/17/2021, ,Ward 7
1631693,Kenynur Inc 1,Convenience Store,831,Kennedy St NW,,Washington,DC,20011,2913,DIST OF COLUMBIA,38.9565,-77.02534,2/27/2025, ,Other
1666552,Kwik Stop  ,Small Grocery Store,4801,Georgia Ave NW, ,Washington,DC,20011, ,DIST OF COLUMBIA,38.94843,-77.02669,11/17/2025, ,Other
1431542,La Herradura Supermarket ,Medium Grocery Store,3412,Georgia Ave NW,,Washington,DC,20010,2502,DIST OF COLUMBIA,38.9324,-77.02406,2/16/2021, ,Other
958081,Lamont Market  ,Convenience Store,450,Lamont St NW, ,Washington,DC,20010,2525,DIST OF COLUMBIA,38.93123,-77.01993,7/29/2010, ,Other
1181768,Ledroit Market  ,Convenience Store,1901,4th St NW,,Washington,DC,20001,2305,DIST OF COLUMBIA,38.91606,-77.01723,12/11/2023, ,Other
961874,Lees Mini Market  ,Convenience Store,3853,Alabama Ave SE, ,Washington,DC,20020,1001,DIST OF COLUMBIA,38.8662,-76.94987,12/16/2019, ,Ward 7/8
911171,Lena Market  ,Combination Grocery/Other,1206,Underwood St NW,,Washington,DC,20012,2924,DIST OF COLUMBIA,38.96877,-77.02783,9/1/2021, ,Other
1517578,Lidl 1436,Super Store,2224,Town Center Dr SE, ,Washington,DC,20020,4000,DIST OF COLUMBIA,38.86155,-76.96758,8/31/2022, ,Ward 7/8
1551394,Lidl 1542,Super Store,3100,14th St NW,Ste 116,Washington,DC,20010,2473,DIST OF COLUMBIA,38.92931,-77.03299,6/5/2023, ,Other
1611761,Lidl 1557,Super Store,4000,Wisconsin Ave NW, ,Washington,DC,20016,2800,DIST OF COLUMBIA,38.94171,-77.07726,8/7/2024, ,Other
1054306,Liffs Market  ,Convenience Store,600,Alabama Ave SE,,Washington,DC,20032,4103,DIST OF COLUMBIA,38.84343,-76.99759,5/10/2012, ,Ward 8
818685,Los Primos  ,Convenience Store,3170,Mount Pleasant St NW,,Washington,DC,20010,2747,DIST OF COLUMBIA,38.93055,-77.03829,7/23/2007, ,Other
1587439,Lucky Corner Store 1,Convenience Store,5415,Georgia Ave NW,,Washington,DC,20011,3909,DIST OF COLUMBIA,38.95568,-77.02771,3/21/2024, ,Other
1652362,Lucky Seven LLC  ,Convenience Store,1645,Connecticut Ave NW,,Washington,DC,20009,1054,DIST OF COLUMBIA,38.91239,-77.04455,6/30/2025, ,Other
1676288,Ma Mobile & Accessories 1,Convenience Store,1551,Maryland Ave NE,,Washington,DC,20002,7604,DIST OF COLUMBIA,38.90055,-76.98079,12/30/2025, ,Other
1667258,Macs Wine And Liquors  ,Convenience Store,401,Rhode Island Ave NE,,Washington,DC,20002,1229,DIST OF COLUMBIA,38.91959,-77.00037,11/26/2025, ,Other
1302774,Market Poultry 8,Meat/Poultry Specialty,225,7th St SE,Ste 14,Washington,DC,20003,4323,DIST OF COLUMBIA,38.88642,-76.99647,2/13/2018, ,Other
1597137,Martha's Market  ,Convenience Store,2400,Minnesota Ave SE,,Washington,DC,20020,5328,DIST OF COLUMBIA,38.87299,-76.97225,6/27/2024, ,Ward 7/8
1566070,Maryland Ave Shell Convenience Store  ,Convenience Store,1400,Maryland Ave NE,,Washington,DC,20002,5035,DIST OF COLUMBIA,38.89981,-76.98518,11/9/2023, ,Other
1264633,Mas Inc  ,Convenience Store,3710,Minnesota Ave NE, ,Washington,DC,20019,2667,DIST OF COLUMBIA,38.89081,-76.95238,11/18/2016, ,Ward 7
1538830,Maya Market & Deli  ,Convenience Store,233,Upshur St NW,,Washington,DC,20011,4847,DIST OF COLUMBIA,38.94236,-77.01523,4/13/2023, ,Other
844439,Mellon Convenience Store  ,Medium Grocery Store,2921,Martin Luther King Jr Ave SE, ,Washington,DC,20032,2563,DIST OF COLUMBIA,38.84529,-76.99729,2/29/2008, ,Ward 8
1298107,Menick's Market  ,Convenience Store,4401,Nannie Helen Burroughs Ave Ne, ,Washington,DC,20019,3644,DIST OF COLUMBIA,38.90045,-76.93914,3/12/2020, ,Ward 7
1311983,Menkem LLC  ,Medium Grocery Store,4202,Benning Rd NE,,Washington,DC,20019,4540,DIST OF COLUMBIA,38.89312,-76.94231,2/5/2024, ,Ward 7
1406807,Metro Supermarket  ,Medium Grocery Store,2130,P Street NW, ,Washington,DC,20037, ,DIST OF COLUMBIA,38.90949,-77.04836,6/5/2020, ,Other
1583560,Meye Group Inc  ,Convenience Store,2300,South Dakota Ave NE,,Washington,DC,20018,1624,DIST OF COLUMBIA,38.92086,-76.95955,3/5/2024, ,Other
1627855,Mimi Grocery  ,Convenience Store,1401,6th St NW,,Washington,DC,20001,2418,DIST OF COLUMBIA,38.90873,-77.0197,9/15/2025, ,Other
678606,MISSOURI AVENUE MARKET  ,Convenience Store,5900,Georgia Ave NW, ,Washington,DC,20011,5102,DIST OF COLUMBIA,38.96152,-77.02843,7/17/1996, ,Other
1174880,MOM's Organic Market 12,Super Store,1501,New York Ave Ne, ,Washington,DC,20002, ,DIST OF COLUMBIA,38.91623,-76.98335,11/17/2014, ,Other
1642028,MOM's Organic Market 27,Super Store,6250,Connecticut Ave NW, ,Washington,DC,20008, ,DIST OF COLUMBIA,38.91954,-77.04913,3/12/2025, ,Other
1311131,Moos Llc  ,Convenience Store,5010,Benning Rd SE, ,Washington,DC,20019,5838,DIST OF COLUMBIA,38.87814,-76.93136,8/11/2023, ,Ward 7
1598345,Morazan Grocery Corp  ,Small Grocery Store,3928,14th St NW,,Washington,DC,20011,5406,DIST OF COLUMBIA,38.93945,-77.03304,6/20/2024, ,Other
873666,Moruss Seafood & Crabhouse  ,Seafood Specialty,2902,Minnesota Ave SE, ,Washington,DC,20019,1127,DIST OF COLUMBIA,38.87618,-76.9658,1/14/2009, ,Ward 7
1341529,Nam's Market  ,Convenience Store,1327,W St SE, ,Washington,DC,20020,5757,DIST OF COLUMBIA,38.8642,-76.98675,10/24/2018, ,Ward 7/8
1482102,Nashim Llc  ,Convenience Store,3701,12th St NE,,Washington,DC,20017,2534,DIST OF COLUMBIA,38.9348,-76.99088,1/28/2022, ,Other
1496591,Natu Market  ,Convenience Store,2339,Pennsylvania Ave SE,,Washington,DC,20020,6705,DIST OF COLUMBIA,38.87365,-76.97187,5/18/2022, ,Ward 7/8
1427822,Neighborhood Market n/a,Convenience Store,1611,Rhode Island Ave NE,,Washington,DC,20018,1841,DIST OF COLUMBIA,38.92623,-76.98127,12/15/2020, ,Other
1207420,New Dodge Market  ,Convenience Store,3620,14th St NW,,Washington,DC,20010,1319,DIST OF COLUMBIA,38.93702,-77.03303,11/1/2021, ,Other
1001295,Newton Food Mart  ,Small Grocery Store,3600,12th St NE, ,Washington,DC,20017,2546,DIST OF COLUMBIA,38.93374,-76.99113,5/10/2011, ,Other
1230667,Northeast Supermarket  ,Small Grocery Store,1201,Mount Olivet Rd Ne, ,Washington,DC,20002,7802,DIST OF COLUMBIA,38.91008,-76.98475,2/1/2016, ,Other
1487218,Ocean Front Liquors  ,Convenience Store,4682,Mlk Jr Ave SW,,Washington,DC,20032,1132,DIST OF COLUMBIA,38.82113,-77.01065,3/18/2022, ,Ward 8
516147,OGDEN MARKET  ,Convenience Store,1500,Ogden St NW, ,Washington,DC,20010,1235,DIST OF COLUMBIA,38.93547,-77.03484,1/28/2025, ,Other
797538,PAIK PRODUCE  ,Medium Grocery Store,225,7th St SE,#9-s,Washington,DC,20003,4323,DIST OF COLUMBIA,38.88642,-76.99647,6/16/2021, ,Other
1668063,Palisades Market & Deli 1,Convenience Store,4554,Macarthur Blvd NW,,Washington,DC,20007,4260,DIST OF COLUMBIA,38.90908,-77.08754,11/17/2025, ,Other
300163,PANAMERICANA GROCERY  ,Super Store,3552,14th St NW, ,Washington,DC,20010,1357,DIST OF COLUMBIA,38.9359,-77.03308,8/29/2000, ,Other
1041275,Parkway Shell Convenience Store  ,Convenience Store,1765,New York Ave NE, ,Washington,DC,20002,1727,DIST OF COLUMBIA,38.91719,-76.97926,6/7/2012, ,Other
990375,Patron Convenience Store  ,Convenience Store,3235,Pennsylvania Ave SE,,Washington,DC,20020,3711,DIST OF COLUMBIA,38.86847,-76.95943,10/3/2023, ,Ward 7/8
1521026,Penn Shop  ,Convenience Store,2324B,Pennsylvania Ave SE,,Washington,DC,20020,6706,DIST OF COLUMBIA,38.87418,-76.97176,11/15/2022, ,Ward 7/8
968361,Penn Way Market  ,Convenience Store,3833,Pennsylvania Ave SE,,Washington,DC,20020,1309,DIST OF COLUMBIA,38.86513,-76.95145,1/19/2023, ,Ward 7/8
1573561,Petworth Community Market  ,Farmers' Market,4021,9th St NW,,Washington,DC,20011,5808,DIST OF COLUMBIA,38.94051,-77.0247,1/11/2024, ,Other
1648013,Petworth Corner Market  ,Convenience Store,3715,Georgia Ave NW,,Washington,DC,20010,1622,DIST OF COLUMBIA,38.93723,-77.02422,5/22/2025, ,Other
1038405,"Philmatt Afrik Inc, dba Afrik International Market 2",Combination Grocery/Other,411,Morse St NE, ,Washington,DC,20002,7009,DIST OF COLUMBIA,38.90767,-76.99957,1/10/2012, ,Other
1241868,Pro Bono Enterprises Inc  ,Small Grocery Store,5403,Georgia Ave NW,,Washington,DC,20011,3909,DIST OF COLUMBIA,38.95536,-77.02765,8/23/2022, ,Other
1537623,Pufh 2 - Ccdc Csa  ,Farmers' Market,1098,New York Ave Nw, ,Washington,DC,20001, ,DIST OF COLUMBIA,38.90101,-77.02693,3/14/2023, ,Other
1536769,Pufh 3 - Minnesota Csa  ,Farmers' Market,322,40th St NE,,Washington,DC,20019,3372,DIST OF COLUMBIA,38.89314,-76.94746,6/9/2023, ,Ward 7
1551784,Quality 01 Convenience Store  ,Convenience Store,2922 1/2,Martin Luther King Jr Ave SE,,Washington,DC,20032,2522,DIST OF COLUMBIA,38.84533,-76.99688,8/3/2023, ,Ward 8
1105510,"Quick Trip 24, Llc 1",Convenience Store,1356,Brentwood Rd NE,,Washington,DC,20018,3704,DIST OF COLUMBIA,38.92506,-76.98605,4/23/2024, ,Other
616688,RAFALS GROCERY & DELI  ,Small Grocery Store,233,Florida Ave NW, ,Washington,DC,20001,1801,DIST OF COLUMBIA,38.91347,-77.01522,1/8/1997, ,Other
1314124,Ram Grocery  ,Convenience Store,3509,Wheeler Rd Se, ,Washington,DC,20032,4140,DIST OF COLUMBIA,38.8392,-76.99362,4/16/2018, ,Ward 8
1326674,"Ramdass Pharmaceuticals, Inc.  ",Convenience Store,475,Ingraham St NE, ,Washington,DC,20011,2602,DIST OF COLUMBIA,38.95366,-76.99917,9/14/2018, ,Other
410257,RANDALL GROCERY  ,Small Grocery Store,2924,Minnesota Ave SE, ,Washington,DC,20019,1165,DIST OF COLUMBIA,38.87613,-76.96542,3/20/1991, ,Ward 7
1328042,"Rayan, Inc 1",Convenience Store,3459,14th St NW, ,Washington,DC,20010,3404,DIST OF COLUMBIA,38.93373,-77.03242,10/25/2018, ,Other
1585265,RKMM Corporation 1,Convenience Store,3021,Georgia Ave NW,,Washington,DC,20001,3807,DIST OF COLUMBIA,38.92884,-77.02293,5/16/2024, ,Other
972414,Rodman's Discount Food & Drug  ,Large Grocery Store,5100,Wisconsin Ave NW,,Washington,DC,20016,4119,DIST OF COLUMBIA,38.95638,-77.08386,9/30/2010, ,Other
1667358,Sadik Inc  ,Convenience Store,4100,Hunt Pl NE,,Washington,DC,20019,3565,DIST OF COLUMBIA,38.90091,-76.94342,9/30/2025, ,Ward 7
359823,SAFEWAY  4832,Supermarket,5545,Connecticut Ave NW, ,Washington,DC,20015,2606,DIST OF COLUMBIA,38.9646,-77.07491,7/28/1965, ,Other
319701,SAFEWAY  1276,Supermarket,6500,Piney Branch Rd NW, ,Washington,DC,20012,2900,DIST OF COLUMBIA,38.96957,-77.02656,9/20/1965, ,Other
510840,SAFEWAY  923,Supermarket,1701,Corcoran St NW, ,Washington,DC,20009,2405,DIST OF COLUMBIA,38.91191,-77.03895,7/21/1967, ,Other
445206,SAFEWAY  4202,Supermarket,1747,Columbia Rd NW, ,Washington,DC,20009,2813,DIST OF COLUMBIA,38.92424,-77.04102,3/9/1971, ,Other
313471,SAFEWAY 1445,Supermarket,2845,Alabama Ave SE, ,Washington,DC,20020,3000,DIST OF COLUMBIA,38.85903,-76.96667,2/25/1976, ,Ward 7/8
330839,SAFEWAY  4270,Supermarket,1601,Maryland Ave NE, ,Washington,DC,20002,7606,DIST OF COLUMBIA,38.90057,-76.97977,5/6/1981, ,Other
585548,SAFEWAY  1177,Supermarket,322,40th St NE, ,Washington,DC,20019,3372,DIST OF COLUMBIA,38.89314,-76.94746,8/31/1988, ,Ward 7
864911,SAFEWAY 2737,Supermarket,490,L Street Northwest, ,Washington,DC,20001, ,DIST OF COLUMBIA,38.9035,-77.01836,9/4/2008, ,Other
943309,SAFEWAY 2892,Supermarket,1100,4th St SW,,Washington,DC,20024,4449,DIST OF COLUMBIA,38.87762,-77.01716,3/16/2010, ,Other
671108,SAFEWAY 2912,Supermarket,1855,Wisconsin Ave NW, ,Washington,DC,20007,2302,DIST OF COLUMBIA,38.91568,-77.0677,4/13/2010, ,Other
1154107,Safeway 2808,Supermarket,3830,Georgia Ave NW, ,Washington,DC,20011,5841,DIST OF COLUMBIA,38.93842,-77.02467,6/13/2014, ,Other
1412874,Safeway 3217,Supermarket,415,14th St SE, ,Washington,DC,20003,3002,DIST OF COLUMBIA,38.88368,-76.98633,7/13/2020, ,Other
776138,SALVA MEX  ,Small Grocery Store,700,Kennedy St NW, ,Washington,DC,20011,3032,DIST OF COLUMBIA,38.95633,-77.02249,3/14/2006, ,Other
1426069,Samber Market 1,Convenience Store,3243,Mount Pleasant St NW,,Washington,DC,20010,2103,DIST OF COLUMBIA,38.93203,-77.03843,10/27/2020, ,Other
1268151,Sewa International Inc  ,Medium Grocery Store,5774,2nd St Ne, ,Washington,DC,20011,2524,DIST OF COLUMBIA,38.96012,-77.00462,12/29/2016, ,Other
1220915,"Shaw Howard Deli, Llc 1",Convenience Store,1911,7th St NW,,Washington,DC,20001,3109,DIST OF COLUMBIA,38.91596,-77.02172,12/22/2022, ,Other
1630100,Shell Gas no,Convenience Store,4321,Nannie Helen Burroughs Ave NE,,Washington,DC,20019,3642,DIST OF COLUMBIA,38.90067,-76.94017,12/1/2025, ,Ward 7
1532567,Shepherd Market  ,Convenience Store,1247,Shepherd St NW,,Washington,DC,20011,5611,DIST OF COLUMBIA,38.93996,-77.02948,2/2/2023, ,Other
1626864,Sheriff Market  ,Convenience Store,4748,Sheriff Rd NE,,Washington,DC,20019,3705,DIST OF COLUMBIA,38.90309,-76.93408,1/14/2025, ,Ward 7
1542010,Shipley Super Market  ,Convenience Store,2283,Savannah St SE,,Washington,DC,20020,7557,DIST OF COLUMBIA,38.84759,-76.97132,5/2/2023, ,Ward 7/8
1540797,Silvermans Liquors  ,Convenience Store,2033,Benning Rd NE,,Washington,DC,20002,4725,DIST OF COLUMBIA,38.89831,-76.97438,6/1/2023, ,Other
1646866,Sky-market  ,Convenience Store,1107,Bladensburg Rd NE,,Washington,DC,20002,2511,DIST OF COLUMBIA,38.90396,-76.98058,6/3/2025, ,Other
1259570,Smert Sun Market  ,Convenience Store,415,Rhode Island Ave Ne, ,Washington,DC,20002,1265,DIST OF COLUMBIA,38.91975,-77.00034,10/13/2016, ,Other
1627847,Sonya's Market  ,Convenience Store,2833,11th St NW,,Washington,DC,20001,3901,DIST OF COLUMBIA,38.92666,-77.0268,2/6/2025, ,Other
1434003,South Capitol Discount Tobacco & Grocery Inc  ,Convenience Store,4675,S Capitol St SW,,Washington,DC,20032,2717,DIST OF COLUMBIA,38.8212,-77.00179,1/20/2021, ,Ward 8
1365457,Southern Express Liquors  ,Convenience Store,4416,Southern Ave SE, ,Washington,DC,20019,5627,DIST OF COLUMBIA,38.87332,-76.93481,6/5/2019, ,Ward 7
533454,SOUTHERN MARYLAND SEAFOOD COMPANY  ,Seafood Specialty,225,SEVENTH ST SE,Stand 9-10,WASHINGTON,DC,20003, ,DIST OF COLUMBIA,38.88642,-76.99647,3/24/1971, ,Other
1423432,"Splash Liquor, Wine And Groceries  ",Convenience Store,213,Upshur St NW,,Washington,DC,20011,4847,DIST OF COLUMBIA,38.94246,-77.01434,2/11/2021, ,Other
717588,Stan Evans Seafood/DBA Jessie Taylor Seafood  ,Combination Grocery/Other,1100,Maine Ave SW,Ste 2,Washington,DC,20024,2423,DIST OF COLUMBIA,38.88123,-77.02805,11/14/2024, ,Other
1398932,Stanton Supermarket  ,Medium Grocery Store,1453,Howard Rd SE,,Washington,DC,20020,4452,DIST OF COLUMBIA,38.85826,-76.98735,10/14/2022, ,Ward 7/8
1045516,Stop 4 All Food Mart  ,Convenience Store,5001,Georgia Ave NW,Unit 1,Washington,DC,20009, ,DIST OF COLUMBIA,38.95101,-77.02727,5/9/2012, ,Other
1291590,STREETS MARKET  ,Supermarket,1221,Massachusetts Ave NW,Ste 1,Washington,DC,20005,5334,DIST OF COLUMBIA,38.90471,-77.02917,8/30/2017, ,Other
1329249,STREETS MARKET  ,Supermarket,3427,Connecticut Ave NW, ,Washington,DC,20008,1314,DIST OF COLUMBIA,38.93524,-77.05788,8/15/2018, ,Other
1347558,STREETS MARKET  ,Supermarket,51,M St NE, ,Washington,DC,20002,3297,DIST OF COLUMBIA,38.90546,-77.00727,3/15/2019, ,Other
1181661,STREETS MARKET  ,Supermarket,2400,14th St Nw, ,Washington,DC,20009,4502,DIST OF COLUMBIA,38.92107,-77.03191,12/26/2019, ,Other
1388223,STREETS MARKET 22nd St,Supermarket,1255,22nd St Nw, ,Washington,DC,20037, ,DIST OF COLUMBIA,38.90669,-77.04836,12/27/2019, ,Other
1399423,STREETS MARKET ,Supermarket,1864,Columbia Rd NW,,Washington,DC,20009,2002,DIST OF COLUMBIA,38.92075,-77.04354,3/30/2020, ,Other
1539404,STREETS MARKET P St,Supermarket,2617,P St NW,,Washington,DC,20007,3063,DIST OF COLUMBIA,38.90953,-77.05534,5/2/2023, ,Other
1632810,Streets Market  ,Supermarket,3146,Mount Pleasant St NW, ,Washington,DC,20010,2747,DIST OF COLUMBIA,38.9301,-77.03814,1/16/2025, ,Other
1330483,Suburban Market  ,Convenience Store,4600,Sheriff Road NE, ,Washington,DC,20019, ,DIST OF COLUMBIA,38.90298,-76.93649,11/29/2018, ,Ward 7
1616854,Super Convenience  ,Convenience Store,5585,South Dakota Ave NE,,Washington,DC,20011,2601,DIST OF COLUMBIA,38.95832,-77.00085,10/17/2024, ,Other
837329,Super Giant 384,Super Store,1535,Alabama Ave SE, ,Washington,DC,20032,5054,DIST OF COLUMBIA,38.84644,-76.98173,11/9/2007, ,Ward 8
1668088,Super Mart  ,Convenience Store,3909,14th St Nw, ,Washington,DC,20011, ,DIST OF COLUMBIA,38.939,-77.03246,9/24/2025, ,Other
1260873,Surprise Market 1,Medium Grocery Store,2233,Minnesota Ave Se, ,Washington,DC,20020,5323,DIST OF COLUMBIA,38.87163,-76.97432,11/30/2016, ,Ward 7/8
603219,T AND G GROCERY STORE  ,Convenience Store,1727,N Capitol St NE, ,Washington,DC,20002,2160,DIST OF COLUMBIA,38.91345,-77.00896,3/28/2022, ,Other
1590921,T Street Market  ,Convenience Store,321,T St NE,,Washington,DC,20002,1534,DIST OF COLUMBIA,38.91531,-77.001,4/22/2024, ,Other
844306,Target 2259,Super Store,3100,14th St NW, ,Washington,DC,20010,2415,DIST OF COLUMBIA,38.92997,-77.03277,1/31/2008, ,Other
1357427,Target Store T3328,Super Store,7828,Georgia Ave NW, ,Washington,DC,20012,1305,DIST OF COLUMBIA,38.98446,-77.02699,3/11/2019, ,Other
1381646,Target Store T3320,Super Store,1515,New York Ave NE, ,Washington,DC,20002,1744,DIST OF COLUMBIA,38.91608,-76.98214,10/8/2019, ,Other
1381658,Target Store T3351,Super Store,4500,Wisconsin Ave NW, ,Washington,DC,20016,4628,DIST OF COLUMBIA,38.94854,-77.08055,10/8/2019, ,Other
1141477,Texas Convenience Store  ,Convenience Store,4350,Texas Ave SE, ,Washington,DC,20019,4260,DIST OF COLUMBIA,38.8832,-76.94183,5/9/2014, ,Ward 7
1586660,The Fresh Food Factory Market Ste  ,Convenience Store,1110,Oak Dr SE,,Washington,DC,20032,5951,DIST OF COLUMBIA,38.8462,-76.9902,3/4/2024, ,Ward 8
1043105,The Woodner Market  ,Convenience Store,3636,16th St NW,Ste AG28,Washington,DC,20010,1127,DIST OF COLUMBIA,38.9363,-77.03648,2/27/2017, ,Other
1249938,Thomas And Sons Market  ,Convenience Store,3425,Benning Rd NE, ,Washington,DC,20019,1504,DIST OF COLUMBIA,38.89639,-76.95723,7/5/2016, ,Ward 7
340466,THOMAS CALOMIRIS & SONS INC  ,Fruits/Veg Specialty,225,SEVENTH ST SE,Stand 300,WASHINGTON,DC,20003, ,DIST OF COLUMBIA,38.88642,-76.99647,3/26/2018, ,Other
1505727,Tobacco & Convenience  ,Convenience Store,1503,N Capitol St NE,Apt A,Washington,DC,20002,3366,DIST OF COLUMBIA,38.90985,-77.00873,11/20/2024, ,Other
1661253,Toniq ,Convenience Store,1500,Independence Ave SE,,Washington,DC,20003,1547,DIST OF COLUMBIA,38.88779,-76.98337,9/8/2025, ,Other
1531491,"Top Mart, Inc 1",Convenience Store,3109,Martin Luther King Jr Ave SE,Ste B,Washington,DC,20032,1606,DIST OF COLUMBIA,38.84368,-76.99959,2/13/2023, ,Ward 8
489947,TOWN & COUNTRY MARKET  ,Convenience Store,823,Upshur St NW, ,Washington,DC,20011,5836,DIST OF COLUMBIA,38.94194,-77.02427,7/29/2002, ,Other
800285,Trader Joe's 653,Supermarket,1101,25th St NW, ,Washington,DC,20037,1407,DIST OF COLUMBIA,38.9042,-77.05302,9/6/2006, ,Other
1136881,Trader Joe's 662,Supermarket,1914,14th St NW, ,Washington,DC,20009,4431,DIST OF COLUMBIA,38.91609,-77.03197,3/3/2014, ,Other
1298557,Trader Joe's 622,Supermarket,750,Pennsylvania Ave SE, ,Washington,DC,20003,2199,DIST OF COLUMBIA,38.88456,-76.99543,9/15/2017, ,Other
1316957,Trader Joe's 621,Supermarket,350,Florida Ave NE, ,Washington,DC,20002,3436,DIST OF COLUMBIA,38.9075,-77.00125,3/20/2018, ,Other
1370069,Trader Joe's 620,Supermarket,2101,Wisconsin Ave NW,Ste A,Washington,DC,20007, ,DIST OF COLUMBIA,38.91731,-77.06869,6/24/2019, ,Other
1642918,TRADER JOE'S WASHINGTON (BROOKLAND) 820,Supermarket,701,Monroe St NE, ,Washington,DC,20017,1853,DIST OF COLUMBIA,38.93214,-76.99587,3/18/2025, ,Other
1642923,TRADER JOE'S WASHINGTON (FRIENDSHIP HEIG 819,Supermarket,5335,Wisconsin Ave NW, ,Washington,DC,20015,2030,DIST OF COLUMBIA,38.96013,-77.08485,3/18/2025, ,Other
1518597,Trinity Grill & Social Marketplace  ,Convenience Store,200,Michigan Ave NE,,Washington,DC,20017,1005,DIST OF COLUMBIA,38.92961,-77.0041,10/17/2022, ,Other
1409337,U First Mart Inc 1,Convenience Store,1942,1st St NW,,Washington,DC,20001,1060,DIST OF COLUMBIA,38.91686,-77.01242,6/22/2020, ,Other
1650724,Union Kitchen  ,Convenience Store,430,8th St SE,,Washington,DC,20003,5126,DIST OF COLUMBIA,38.88287,-76.99475,8/28/2025, ,Other
1667924,Union Kitchen Eckington  ,Convenience Store,1625,Eckington Pl NE, ,Washington,DC,20002,2129,DIST OF COLUMBIA,38.91201,-77.00401,8/21/2025, ,Other
673526,Union Meat Company  ,Meat/Poultry Specialty,225,7th St SE, ,Washington,DC,20003, ,DIST OF COLUMBIA,38.88642,-76.99647,9/14/1970, ,Other
1666420,Uptop Market  ,Convenience Store,4817,Georgia Ave NW,,Washington,DC,20011,4533,DIST OF COLUMBIA,38.94889,-77.02674,11/17/2025, ,Other
1493861,Uptown Exxon  ,Convenience Store,3535,Connecticut Ave NW,,Washington,DC,20008,2402,DIST OF COLUMBIA,38.93657,-77.05855,5/13/2022, ,Other
1129479,Uptown Mart LLC  ,Convenience Store,2701,14th St. NW, ,Washington,DC,20009, ,DIST OF COLUMBIA,38.92508,-77.0322,1/29/2014, ,Other
1103564,USDA Farmers Market  ,Farmers' Market,1401,Independence Ave & 12th St SW, ,Washington,DC,20250, ,DIST OF COLUMBIA,38.88757,-77.02818,4/5/2019, ,Other
433150,Walgreens 17712,Combination Grocery/Other,1306,U St NW, ,Washington,DC,20009,4445,DIST OF COLUMBIA,38.91678,-77.03006,4/28/2003, ,Other
870678,Walgreens 10071,Combination Grocery/Other,1217,22nd St NW, ,Washington,DC,20037,1299,DIST OF COLUMBIA,38.90559,-77.04873,10/27/2008, ,Other
926829,Walgreens 19076,Combination Grocery/Other,1815,Connecticut Ave NW, ,Washington,DC,20009,5702,DIST OF COLUMBIA,38.91489,-77.04591,11/21/2009, ,Other
926839,Walgreens 19132,Combination Grocery/Other,3301,New Mexico Ave NW, ,Washington,DC,20016, ,DIST OF COLUMBIA,38.93353,-77.08582,11/30/2009, ,Other
1092749,Walgreens 15360,Combination Grocery/Other,801,7th St NW, ,Washington,DC,20001,3717,DIST OF COLUMBIA,38.90001,-77.02187,2/22/2013, ,Other
1195225,Walgreens 15953,Combination Grocery/Other,1155,F St  NW, ,Washington,DC,20004, ,DIST OF COLUMBIA,38.89737,-77.02757,5/15/2015, ,Other
1229291,Walgreens 16290,Combination Grocery/Other,50,Massachusetts Ave,Lower Level,Washington,DC,20002, ,DIST OF COLUMBIA,38.89689,-77.00637,1/8/2016, ,Other
1123037,Walmart Supercenter 5968,Super Store,5929,Georgia Ave NW, ,Washington,DC,20011,5101,DIST OF COLUMBIA,38.96214,-77.0279,11/20/2013, ,Other
1214791,Walmart Supercenter 3035,Super Store,310,Riggs Rd NE, ,Washington,DC,20011,2534,DIST OF COLUMBIA,38.95752,-77.00209,9/14/2015, ,Other
1444543,Ward 8 Farmers Market  ,Farmers' Market,3200,6th St SE,,Washington,DC,20032,3801,DIST OF COLUMBIA,38.84255,-76.99817,4/12/2021, ,Ward 8
1306555,Wawa 6001,Convenience Store,1111,19th St NW, ,Washington,DC,20036,3603,DIST OF COLUMBIA,38.90441,-77.04343,12/1/2017, ,Other
1368257,Wawa 6004,Convenience Store,4530,40th St NW,Unit A,Washington,DC,20016,1811,DIST OF COLUMBIA,38.9491,-77.07922,6/15/2019, ,Other
1453621,Wawa 6008,Convenience Store,1250,H Street NW, ,Washington,DC,20005, ,DIST OF COLUMBIA,38.89957,-77.02911,5/10/2021, ,Other
1410887,Wawa Store 6007,Convenience Store,1,Thomas Cir NW, ,Washington,DC,20005,5801,DIST OF COLUMBIA,38.90538,-77.0326,6/23/2020, ,Other
1507557,Wegmans Wisconsin Ave 143,Supermarket,41,Ridge Sq NW, ,Washington,DC,20016,2908,DIST OF COLUMBIA,38.94026,-77.07709,6/14/2022, ,Other
1626362,Wheeler Liquor & Grocery  ,Convenience Store,4137,Wheeler Rd SE,,Washington,DC,20032,4346,DIST OF COLUMBIA,38.83342,-76.99004,1/7/2025, ,Ward 8
1040927,Wheeler Market  ,Convenience Store,4133,Wheeler Rd SE, ,Washington,DC,20032,4346,DIST OF COLUMBIA,38.83356,-76.99022,3/1/2012, ,Ward 8
500075,Whole Foods Market 10062,Super Store,4530,40th St NW, ,Washington,DC,20016,1830,DIST OF COLUMBIA,38.94884,-77.07876,1/4/1996, ,Other
443728,Whole Foods Market 10135,Super Store,1440,P St NW, ,Washington,DC,20005,1908,DIST OF COLUMBIA,38.9095,-77.03357,12/11/2000, ,Other
1019025,Whole Foods Market 10414,Super Store,2201,I St NW, ,Washington,DC,20052,95,DIST OF COLUMBIA,38.90073,-77.04948,8/11/2011, ,Other
1276174,Whole Foods Market 10565,Super Store,600,H St NE, ,Washington,DC,20002,5144,DIST OF COLUMBIA,38.90024,-76.99831,2/28/2017, ,Other
1341371,Whole Foods Market 10563,Super Store,101,H Street SE, ,Washington,DC,20002, ,DIST OF COLUMBIA,38.88044,-77.00555,9/25/2018, ,Other
1410876,Whole Foods Market 10651,Super Store,967,Florida Ave NW, ,Washington,DC,20001,4001,DIST OF COLUMBIA,38.91984,-77.02467,6/23/2020, ,Other
1475405,Whole Foods Market 10780,Super Store,2323,Wisconsin Ave NW, ,Washington,DC,20007,1844,DIST OF COLUMBIA,38.92093,-77.07162,10/12/2021, ,Other
1551326,Whole Foods Market 10777,Super Store,7130,12th St NW, ,Washington,DC,20012,1779,DIST OF COLUMBIA,38.9761,-77.02817,6/5/2023, ,Other
1498923,Wonder Mart Convenience  ,Convenience Store,2743,Martin Luther King Jr Ave SE,,Washington,DC,20032,2608,DIST OF COLUMBIA,38.84694,-76.99641,5/25/2022, ,Ward 8
1272612,Wow Market & Deli LLC  ,Convenience Store,6226,Georgia Ave Nw, ,Washington,DC,20011,5108,DIST OF COLUMBIA,38.96575,-77.02766,2/13/2017, ,Other
1201355,Yes Organic Eastern Market 9,Supermarket,410,8th St SE, ,Washington,DC,20003, ,DIST OF COLUMBIA,38.88355,-76.99494,6/8/2015, ,Other
1531146,Yes Organic Foods  ,Large Grocery Store,1825,Columbia Rd NW,,Washington,DC,20009,2005,DIST OF COLUMBIA,38.92182,-77.04374,2/7/2023, ,Other
824427,Yes Organic Market  ,Super Store,3809,12th St NE,,Washington,DC,20017,2631,DIST OF COLUMBIA,38.93681,-76.99037,7/25/2007, ,Other
419148,Yes Organic Market 2,Supermarket,3425,Connecticut Ave NW, ,Washington,DC,20008,1307,DIST OF COLUMBIA,38.93505,-77.05796,9/18/2010, ,Other
918666,Yes Organic Market Petworth 6,Super Store,4100,Georgia Ave NW,,Washington,DC,20011,5859,DIST OF COLUMBIA,38.94104,-77.02553,10/22/2009, ,Other
1328034,Z Mart Grocery Dollar Plus Store  ,Medium Grocery Store,4522,Benning Rd SE,,Washington,DC,20019,5149,DIST OF COLUMBIA,38.88911,-76.93666,9/26/2024, ,Ward 7
1619965,Zeki Liquors  ,Convenience Store,5916,Georgia Ave NW,,Washington,DC,20011,5120,DIST OF COLUMBIA,38.96175,-77.02823,11/19/2024, ,Other
1624986,Zemen Market  ,Convenience Store,2401,Martin Luther King Jr Ave SE,,Washington,DC,20020,5815,DIST OF COLUMBIA,38.86292,-76.99256,1/6/2025, ,Ward 7/8
1249722,"Ziway Market, Inc 1",Convenience Store,4626,14th St Nw, ,Washington,DC,20011,4313,DIST OF COLUMBIA,38.94691,-77.03277,6/23/2016, ,Other
